"fleet_segment";"Month";"VESSELS";"DAYS";"GT"
"ITA17_TM_1218";"0";"31.8";"3.6";"23.2"
"ITA17_TM_1218";"1";"31.8";"3.6";"23.2"
"ITA17_TM_1218";"2";"31.8";"3.7";"23.2"
"ITA17_TM_1218";"3";"31.8";"7.2";"23.2"
"ITA17_TM_1218";"4";"31.8";"11.2";"23.2"
"ITA17_TM_1218";"5";"31.8";"9.8";"23.2"
"ITA17_TM_1218";"6";"31.8";"5.9";"23.2"
"ITA17_TM_1218";"7";"31.8";"10.5";"23.2"
"ITA17_TM_1218";"8";"31.8";"0";"23.2"
"ITA17_TM_1218";"9";"31.8";"4.2";"23.2"
"ITA17_TM_1218";"10";"31.8";"5.3";"23.2"
"ITA17_TM_1218";"11";"31.8";"4";"23.2"
"ITA17_TM_1218";"12";"31.8";"3.2";"23.2"
"ITA17_TM_1218";"13";"32.9";"15.1";"24.3"
"ITA17_TM_1218";"14";"32.9";"18.5";"24.3"
"ITA17_TM_1218";"15";"32.9";"20.6";"24.3"
"ITA17_TM_1218";"16";"32.9";"14.2";"24.3"
"ITA17_TM_1218";"17";"32.9";"17.1";"24.3"
"ITA17_TM_1218";"18";"32.9";"19.6";"24.3"
"ITA17_TM_1218";"19";"32.9";"17.1";"24.3"
"ITA17_TM_1218";"20";"32.9";"0.7";"24.3"
"ITA17_TM_1218";"21";"32.9";"14.6";"24.3"
"ITA17_TM_1218";"22";"32.9";"15.6";"24.3"
"ITA17_TM_1218";"23";"32.9";"18.3";"24.3"
"ITA17_TM_1218";"24";"32.9";"12.1";"24.3"
"ITA17_TM_1218";"25";"37.5";"15.8";"22"
"ITA17_TM_1218";"26";"37.5";"12";"22"
"ITA17_TM_1218";"27";"37.5";"16.3";"22"
"ITA17_TM_1218";"28";"37.5";"16.8";"22"
"ITA17_TM_1218";"29";"37.5";"14.3";"22"
"ITA17_TM_1218";"30";"37.5";"14";"22"
"ITA17_TM_1218";"31";"37.5";"14.9";"22"
"ITA17_TM_1218";"32";"37.5";"0";"22"
"ITA17_TM_1218";"33";"37.5";"10.5";"22"
"ITA17_TM_1218";"34";"37.5";"12.7";"22"
"ITA17_TM_1218";"35";"37.5";"13.3";"22"
"ITA17_TM_1218";"36";"37.5";"13";"22"
"ITA17_TM_1218";"37";"25.1";"16";"28.6"
"ITA17_TM_1218";"38";"25.1";"10.8";"28.6"
"ITA17_TM_1218";"39";"25.1";"11.3";"28.6"
"ITA17_TM_1218";"40";"25.1";"13.3";"28.6"
"ITA17_TM_1218";"41";"25.1";"13.3";"28.6"
"ITA17_TM_1218";"42";"25.1";"12.8";"28.6"
"ITA17_TM_1218";"43";"25.1";"10.2";"28.6"
"ITA17_TM_1218";"44";"25.1";"0";"28.6"
"ITA17_TM_1218";"45";"25.1";"0";"28.6"
"ITA17_TM_1218";"46";"25.1";"10.8";"28.6"
"ITA17_TM_1218";"47";"25.1";"12.1";"28.6"
"ITA17_TM_1218";"48";"25.1";"12";"28.6"
"ITA17_TM_1218";"49";"47.2";"9.6";"23.1"
"ITA17_TM_1218";"50";"47.2";"6.2";"23.1"
"ITA17_TM_1218";"51";"47.2";"12";"23.1"
"ITA17_TM_1218";"52";"47.2";"13.3";"23.1"
"ITA17_TM_1218";"53";"47.2";"14.6";"23.1"
"ITA17_TM_1218";"54";"47.2";"10.1";"23.1"
"ITA17_TM_1218";"55";"47.2";"5.2";"23.1"
"ITA17_TM_1218";"56";"47.2";"1.8";"23.1"
"ITA17_TM_1218";"57";"47.2";"10.4";"23.1"
"ITA17_TM_1218";"58";"47.2";"9.4";"23.1"
"ITA17_TM_1218";"59";"47.2";"8.1";"23.1"
"ITA17_TM_1218";"60";"47.2";"10";"23.1"
"ITA17_TM_1218";"61";"35";"12.8";"27.5"
"ITA17_TM_1218";"62";"35";"9.4";"27.5"
"ITA17_TM_1218";"63";"35";"9.4";"27.5"
"ITA17_TM_1218";"64";"35";"12.1";"27.5"
"ITA17_TM_1218";"65";"35";"13";"27.5"
"ITA17_TM_1218";"66";"35";"12.9";"27.5"
"ITA17_TM_1218";"67";"35";"9.3";"27.5"
"ITA17_TM_1218";"68";"35";"0";"27.5"
"ITA17_TM_1218";"69";"35";"10.1";"27.5"
"ITA17_TM_1218";"70";"35";"11.2";"27.5"
"ITA17_TM_1218";"71";"35";"10.9";"27.5"
"ITA17_TM_1218";"72";"35";"11.6";"27.5"
"ITA17_TM_1218";"73";"49";"12.5386255";"25.19297533"
"ITA17_TM_1218";"74";"49";"12.44685816";"25.19297533"
"ITA17_TM_1218";"75";"49";"12.50269006";"25.19297533"
"ITA17_TM_1218";"76";"49";"11.14709165";"25.19297533"
"ITA17_TM_1218";"77";"49";"10.61354175";"25.19297533"
"ITA17_TM_1218";"78";"49";"10.87524107";"25.19297533"
"ITA17_TM_1218";"79";"49";"10.67120087";"25.19297533"
"ITA17_TM_1218";"80";"49";"0";"25.19297533"
"ITA17_TM_1218";"81";"49";"11.48654957";"25.19297533"
"ITA17_TM_1218";"82";"49";"13.10567453";"25.19297533"
"ITA17_TM_1218";"83";"49";"10.8778804";"25.19297533"
"ITA17_TM_1218";"84";"49";"9.976449074";"25.19297533"
"ITA17_TM_1824";"0";"24.9";"15";"67.3"
"ITA17_TM_1824";"1";"24.9";"15";"67.3"
"ITA17_TM_1824";"2";"24.9";"10.7";"67.3"
"ITA17_TM_1824";"3";"24.9";"9.9";"67.3"
"ITA17_TM_1824";"4";"24.9";"13.4";"67.3"
"ITA17_TM_1824";"5";"24.9";"11.6";"67.3"
"ITA17_TM_1824";"6";"24.9";"6.3";"67.3"
"ITA17_TM_1824";"7";"24.9";"14.7";"67.3"
"ITA17_TM_1824";"8";"24.9";"0.2";"67.3"
"ITA17_TM_1824";"9";"24.9";"8.2";"67.3"
"ITA17_TM_1824";"10";"24.9";"9.7";"67.3"
"ITA17_TM_1824";"11";"24.9";"8.8";"67.3"
"ITA17_TM_1824";"12";"24.9";"7.5";"67.3"
"ITA17_TM_1824";"13";"25.2";"12.9";"81"
"ITA17_TM_1824";"14";"25.2";"10.8";"81"
"ITA17_TM_1824";"15";"25.2";"14.3";"81"
"ITA17_TM_1824";"16";"25.2";"13.2";"81"
"ITA17_TM_1824";"17";"25.2";"16";"81"
"ITA17_TM_1824";"18";"25.2";"19";"81"
"ITA17_TM_1824";"19";"25.2";"19.5";"81"
"ITA17_TM_1824";"20";"25.2";"0.2";"81"
"ITA17_TM_1824";"21";"25.2";"12.3";"81"
"ITA17_TM_1824";"22";"25.2";"12.9";"81"
"ITA17_TM_1824";"23";"25.2";"15.6";"81"
"ITA17_TM_1824";"24";"25.2";"8.8";"81"
"ITA17_TM_1824";"25";"25.4";"17.8";"73"
"ITA17_TM_1824";"26";"25.4";"14.6";"73"
"ITA17_TM_1824";"27";"25.4";"15.2";"73"
"ITA17_TM_1824";"28";"25.4";"12.4";"73"
"ITA17_TM_1824";"29";"25.4";"18.3";"73"
"ITA17_TM_1824";"30";"25.4";"14.7";"73"
"ITA17_TM_1824";"31";"25.4";"14.3";"73"
"ITA17_TM_1824";"32";"25.4";"0";"73"
"ITA17_TM_1824";"33";"25.4";"16.9";"73"
"ITA17_TM_1824";"34";"25.4";"13.8";"73"
"ITA17_TM_1824";"35";"25.4";"16.3";"73"
"ITA17_TM_1824";"36";"25.4";"12.8";"73"
"ITA17_TM_1824";"37";"22.1";"15.4";"71.1"
"ITA17_TM_1824";"38";"22.1";"12.5";"71.1"
"ITA17_TM_1824";"39";"22.1";"13.6";"71.1"
"ITA17_TM_1824";"40";"22.1";"12.6";"71.1"
"ITA17_TM_1824";"41";"22.1";"13.1";"71.1"
"ITA17_TM_1824";"42";"22.1";"15.4";"71.1"
"ITA17_TM_1824";"43";"22.1";"17.8";"71.1"
"ITA17_TM_1824";"44";"22.1";"0";"71.1"
"ITA17_TM_1824";"45";"22.1";"0";"71.1"
"ITA17_TM_1824";"46";"22.1";"12.8";"71.1"
"ITA17_TM_1824";"47";"22.1";"13.7";"71.1"
"ITA17_TM_1824";"48";"22.1";"11.4";"71.1"
"ITA17_TM_1824";"49";"21";"15";"71.6"
"ITA17_TM_1824";"50";"21";"13.1";"71.6"
"ITA17_TM_1824";"51";"21";"19.7";"71.6"
"ITA17_TM_1824";"52";"21";"19.7";"71.6"
"ITA17_TM_1824";"53";"21";"21.2";"71.6"
"ITA17_TM_1824";"54";"21";"18.6";"71.6"
"ITA17_TM_1824";"55";"21";"8.4";"71.6"
"ITA17_TM_1824";"56";"21";"1.2";"71.6"
"ITA17_TM_1824";"57";"21";"10.6";"71.6"
"ITA17_TM_1824";"58";"21";"12.7";"71.6"
"ITA17_TM_1824";"59";"21";"14.8";"71.6"
"ITA17_TM_1824";"60";"21";"15.1";"71.6"
"ITA17_TM_1824";"61";"24.8";"17.6";"80.9"
"ITA17_TM_1824";"62";"24.8";"14.5";"80.9"
"ITA17_TM_1824";"63";"24.8";"14.1";"80.9"
"ITA17_TM_1824";"64";"24.8";"14.9";"80.9"
"ITA17_TM_1824";"65";"24.8";"14.5";"80.9"
"ITA17_TM_1824";"66";"24.8";"15.2";"80.9"
"ITA17_TM_1824";"67";"24.8";"10.5";"80.9"
"ITA17_TM_1824";"68";"24.8";"0";"80.9"
"ITA17_TM_1824";"69";"24.8";"12.7";"80.9"
"ITA17_TM_1824";"70";"24.8";"9.5";"80.9"
"ITA17_TM_1824";"71";"24.8";"8.3";"80.9"
"ITA17_TM_1824";"72";"24.8";"7.4";"80.9"
"ITA17_TM_1824";"73";"24.8";"13.16666667";"80.33333333"
"ITA17_TM_1824";"74";"24.8";"14.66666667";"80.33333333"
"ITA17_TM_1824";"75";"24.8";"15";"80.33333333"
"ITA17_TM_1824";"76";"24.8";"14.5";"80.33333333"
"ITA17_TM_1824";"77";"24.8";"15.33333333";"80.33333333"
"ITA17_TM_1824";"78";"24.8";"15.66666667";"80.33333333"
"ITA17_TM_1824";"79";"24.8";"13.33333333";"80.33333333"
"ITA17_TM_1824";"80";"24.8";"0";"80.33333333"
"ITA17_TM_1824";"81";"24.8";"14.16666667";"80.33333333"
"ITA17_TM_1824";"82";"24.8";"16.66666667";"80.33333333"
"ITA17_TM_1824";"83";"24.8";"8.666666666";"80.33333333"
"ITA17_TM_1824";"84";"24.8";"10.66666667";"80.33333333"
"ITA17_TM_2440";"0";"45";"18.6";"116.6"
"ITA17_TM_2440";"1";"45";"18.6";"116.6"
"ITA17_TM_2440";"2";"45";"17.4";"116.6"
"ITA17_TM_2440";"3";"45";"12.8";"116.6"
"ITA17_TM_2440";"4";"45";"16.7";"116.6"
"ITA17_TM_2440";"5";"45";"12.8";"116.6"
"ITA17_TM_2440";"6";"45";"8.3";"116.6"
"ITA17_TM_2440";"7";"45";"17.6";"116.6"
"ITA17_TM_2440";"8";"45";"0.3";"116.6"
"ITA17_TM_2440";"9";"45";"12.6";"116.6"
"ITA17_TM_2440";"10";"45";"16.7";"116.6"
"ITA17_TM_2440";"11";"45";"13";"116.6"
"ITA17_TM_2440";"12";"45";"10.7";"116.6"
"ITA17_TM_2440";"13";"44.2";"15.1";"117.1"
"ITA17_TM_2440";"14";"44.2";"13.9";"117.1"
"ITA17_TM_2440";"15";"44.2";"18";"117.1"
"ITA17_TM_2440";"16";"44.2";"15";"117.1"
"ITA17_TM_2440";"17";"44.2";"17.3";"117.1"
"ITA17_TM_2440";"18";"44.2";"16.6";"117.1"
"ITA17_TM_2440";"19";"44.2";"19.5";"117.1"
"ITA17_TM_2440";"20";"44.2";"0.6";"117.1"
"ITA17_TM_2440";"21";"44.2";"13.8";"117.1"
"ITA17_TM_2440";"22";"44.2";"12.6";"117.1"
"ITA17_TM_2440";"23";"44.2";"14.7";"117.1"
"ITA17_TM_2440";"24";"44.2";"11.4";"117.1"
"ITA17_TM_2440";"25";"40.8";"15.3";"117.3"
"ITA17_TM_2440";"26";"40.8";"13.1";"117.3"
"ITA17_TM_2440";"27";"40.8";"15.7";"117.3"
"ITA17_TM_2440";"28";"40.8";"11.9";"117.3"
"ITA17_TM_2440";"29";"40.8";"15.9";"117.3"
"ITA17_TM_2440";"30";"40.8";"16.3";"117.3"
"ITA17_TM_2440";"31";"40.8";"19.7";"117.3"
"ITA17_TM_2440";"32";"40.8";"0";"117.3"
"ITA17_TM_2440";"33";"40.8";"14.7";"117.3"
"ITA17_TM_2440";"34";"40.8";"12.7";"117.3"
"ITA17_TM_2440";"35";"40.8";"17.1";"117.3"
"ITA17_TM_2440";"36";"40.8";"14.6";"117.3"
"ITA17_TM_2440";"37";"41";"14.1";"115.4"
"ITA17_TM_2440";"38";"41";"12.9";"115.4"
"ITA17_TM_2440";"39";"41";"10.1";"115.4"
"ITA17_TM_2440";"40";"41";"15.7";"115.4"
"ITA17_TM_2440";"41";"41";"10.2";"115.4"
"ITA17_TM_2440";"42";"41";"17.7";"115.4"
"ITA17_TM_2440";"43";"41";"18.3";"115.4"
"ITA17_TM_2440";"44";"41";"0";"115.4"
"ITA17_TM_2440";"45";"41";"0";"115.4"
"ITA17_TM_2440";"46";"41";"13.2";"115.4"
"ITA17_TM_2440";"47";"41";"14.8";"115.4"
"ITA17_TM_2440";"48";"41";"14.8";"115.4"
"ITA17_TM_2440";"49";"53.7";"11.5";"108.8"
"ITA17_TM_2440";"50";"53.7";"11.3";"108.8"
"ITA17_TM_2440";"51";"53.7";"12.7";"108.8"
"ITA17_TM_2440";"52";"53.7";"16.9";"108.8"
"ITA17_TM_2440";"53";"53.7";"17.2";"108.8"
"ITA17_TM_2440";"54";"53.7";"16.2";"108.8"
"ITA17_TM_2440";"55";"53.7";"13.6";"108.8"
"ITA17_TM_2440";"56";"53.7";"1.5";"108.8"
"ITA17_TM_2440";"57";"53.7";"7.8";"108.8"
"ITA17_TM_2440";"58";"53.7";"14.6";"108.8"
"ITA17_TM_2440";"59";"53.7";"13.5";"108.8"
"ITA17_TM_2440";"60";"53.7";"12.8";"108.8"
"ITA17_TM_2440";"61";"46";"17.4";"109.2"
"ITA17_TM_2440";"62";"46";"13.6";"109.2"
"ITA17_TM_2440";"63";"46";"14.9";"109.2"
"ITA17_TM_2440";"64";"46";"15.3";"109.2"
"ITA17_TM_2440";"65";"46";"17.2";"109.2"
"ITA17_TM_2440";"66";"46";"16.1";"109.2"
"ITA17_TM_2440";"67";"46";"15.3";"109.2"
"ITA17_TM_2440";"68";"46";"0.1";"109.2"
"ITA17_TM_2440";"69";"46";"10.2";"109.2"
"ITA17_TM_2440";"70";"46";"16.5";"109.2"
"ITA17_TM_2440";"71";"46";"15.1";"109.2"
"ITA17_TM_2440";"72";"46";"15.2";"109.2"
"ITA17_TM_2440";"73";"42.00000002";"14.64285714";"109.4285714"
"ITA17_TM_2440";"74";"42.00000002";"14.71428571";"109.4285714"
"ITA17_TM_2440";"75";"42.00000002";"15.42047618";"109.4285714"
"ITA17_TM_2440";"76";"42.00000002";"14.07928571";"109.4285714"
"ITA17_TM_2440";"77";"42.00000002";"15.99999999";"109.4285714"
"ITA17_TM_2440";"78";"42.00000002";"15.26190476";"109.4285714"
"ITA17_TM_2440";"79";"42.00000002";"16.66666666";"109.4285714"
"ITA17_TM_2440";"80";"42.00000002";"2.166666666";"109.4285714"
"ITA17_TM_2440";"81";"42.00000002";"8.047619044";"109.4285714"
"ITA17_TM_2440";"82";"42.00000002";"14.78571428";"109.4285714"
"ITA17_TM_2440";"83";"42.00000002";"14.61904761";"109.4285714"
"ITA17_TM_2440";"84";"42.00000002";"12.73809523";"109.4285714"
"ITA17_PS_2440";"0";"20.7";"5.9";"105.4"
"ITA17_PS_2440";"1";"20.7";"5.9";"105.4"
"ITA17_PS_2440";"2";"20.7";"4.4";"105.4"
"ITA17_PS_2440";"3";"20.7";"4.1";"105.4"
"ITA17_PS_2440";"4";"20.7";"6.7";"105.4"
"ITA17_PS_2440";"5";"20.7";"13.4";"105.4"
"ITA17_PS_2440";"6";"20.7";"12";"105.4"
"ITA17_PS_2440";"7";"20.7";"16.5";"105.4"
"ITA17_PS_2440";"8";"20.7";"9.4";"105.4"
"ITA17_PS_2440";"9";"20.7";"13.3";"105.4"
"ITA17_PS_2440";"10";"20.7";"14.2";"105.4"
"ITA17_PS_2440";"11";"20.7";"2.6";"105.4"
"ITA17_PS_2440";"12";"20.7";"2.7";"105.4"
"ITA17_PS_2440";"13";"15.8";"1.9";"113.8"
"ITA17_PS_2440";"14";"15.8";"3.8";"113.8"
"ITA17_PS_2440";"15";"15.8";"6.3";"113.8"
"ITA17_PS_2440";"16";"15.8";"7";"113.8"
"ITA17_PS_2440";"17";"15.8";"10.6";"113.8"
"ITA17_PS_2440";"18";"15.8";"13.9";"113.8"
"ITA17_PS_2440";"19";"15.8";"18.2";"113.8"
"ITA17_PS_2440";"20";"15.8";"14.8";"113.8"
"ITA17_PS_2440";"21";"15.8";"16.3";"113.8"
"ITA17_PS_2440";"22";"15.8";"11";"113.8"
"ITA17_PS_2440";"23";"15.8";"4.9";"113.8"
"ITA17_PS_2440";"24";"15.8";"2.5";"113.8"
"ITA17_PS_2440";"25";"9.6";"8.6";"119.6"
"ITA17_PS_2440";"26";"9.6";"8.3";"119.6"
"ITA17_PS_2440";"27";"9.6";"9.6";"119.6"
"ITA17_PS_2440";"28";"9.6";"8.6";"119.6"
"ITA17_PS_2440";"29";"9.6";"3";"119.6"
"ITA17_PS_2440";"30";"9.6";"18.4";"119.6"
"ITA17_PS_2440";"31";"9.6";"22.9";"119.6"
"ITA17_PS_2440";"32";"9.6";"19.3";"119.6"
"ITA17_PS_2440";"33";"9.6";"17";"119.6"
"ITA17_PS_2440";"34";"9.6";"13.1";"119.6"
"ITA17_PS_2440";"35";"9.6";"14.7";"119.6"
"ITA17_PS_2440";"36";"9.6";"6.9";"119.6"
"ITA17_PS_2440";"37";"15.2";"6.6";"113.8"
"ITA17_PS_2440";"38";"15.2";"5.7";"113.8"
"ITA17_PS_2440";"39";"15.2";"5.3";"113.8"
"ITA17_PS_2440";"40";"15.2";"8.1";"113.8"
"ITA17_PS_2440";"41";"15.2";"11.5";"113.8"
"ITA17_PS_2440";"42";"15.2";"14.2";"113.8"
"ITA17_PS_2440";"43";"15.2";"7.5";"113.8"
"ITA17_PS_2440";"44";"15.2";"8";"113.8"
"ITA17_PS_2440";"45";"15.2";"6.8";"113.8"
"ITA17_PS_2440";"46";"15.2";"8.9";"113.8"
"ITA17_PS_2440";"47";"15.2";"7.1";"113.8"
"ITA17_PS_2440";"48";"15.2";"3.5";"113.8"
"ITA17_PS_2440";"49";"14.9";"6";"101.8"
"ITA17_PS_2440";"50";"14.9";"3";"101.8"
"ITA17_PS_2440";"51";"14.9";"0.9";"101.8"
"ITA17_PS_2440";"52";"14.9";"5.4";"101.8"
"ITA17_PS_2440";"53";"14.9";"16";"101.8"
"ITA17_PS_2440";"54";"14.9";"16.1";"101.8"
"ITA17_PS_2440";"55";"14.9";"14.6";"101.8"
"ITA17_PS_2440";"56";"14.9";"10";"101.8"
"ITA17_PS_2440";"57";"14.9";"12.3";"101.8"
"ITA17_PS_2440";"58";"14.9";"13.4";"101.8"
"ITA17_PS_2440";"59";"14.9";"5.4";"101.8"
"ITA17_PS_2440";"60";"14.9";"5.1";"101.8"
"ITA17_PS_2440";"61";"13.9";"4";"101.4"
"ITA17_PS_2440";"62";"13.9";"2.3";"101.4"
"ITA17_PS_2440";"63";"13.9";"2.9";"101.4"
"ITA17_PS_2440";"64";"13.9";"3.4";"101.4"
"ITA17_PS_2440";"65";"13.9";"2.3";"101.4"
"ITA17_PS_2440";"66";"13.9";"14.1";"101.4"
"ITA17_PS_2440";"67";"13.9";"14.9";"101.4"
"ITA17_PS_2440";"68";"13.9";"10.9";"101.4"
"ITA17_PS_2440";"69";"13.9";"10.9";"101.4"
"ITA17_PS_2440";"70";"13.9";"7.5";"101.4"
"ITA17_PS_2440";"71";"13.9";"2.6";"101.4"
"ITA17_PS_2440";"72";"13.9";"0.9";"101.4"
"ITA17_PS_2440";"73";"13.9";"5.429306672";"105.9"
"ITA17_PS_2440";"74";"13.9";"9.213697373";"105.9"
"ITA17_PS_2440";"75";"13.9";"9.04907028";"105.9"
"ITA17_PS_2440";"76";"13.9";"9.213697373";"105.9"
"ITA17_PS_2440";"77";"13.9";"10.86877551";"105.9"
"ITA17_PS_2440";"78";"13.9";"14.02378938";"105.9"
"ITA17_PS_2440";"79";"13.9";"9.872205744";"105.9"
"ITA17_PS_2440";"80";"13.9";"4.442221594";"105.9"
"ITA17_PS_2440";"81";"13.9";"7.568781401";"105.9"
"ITA17_PS_2440";"82";"13.9";"10.85929082";"105.9"
"ITA17_PS_2440";"83";"13.9";"7.568781401";"105.9"
"ITA17_PS_2440";"84";"13.9";"5.265357057";"105.9"
"HRV17_PS_1218";"0";"43.5";"5";"21"
"HRV17_PS_1218";"1";"43.5";"5";"21"
"HRV17_PS_1218";"2";"43.5";"9";"21"
"HRV17_PS_1218";"3";"43.5";"9";"21"
"HRV17_PS_1218";"4";"43.5";"9";"21"
"HRV17_PS_1218";"5";"43.5";"9";"21"
"HRV17_PS_1218";"6";"43.5";"9";"21"
"HRV17_PS_1218";"7";"43.5";"9";"21"
"HRV17_PS_1218";"8";"43.5";"9";"21"
"HRV17_PS_1218";"9";"43.5";"9";"21"
"HRV17_PS_1218";"10";"43.5";"9";"21"
"HRV17_PS_1218";"11";"43.5";"9";"21"
"HRV17_PS_1218";"12";"43.5";"5";"21"
"HRV17_PS_1218";"13";"43.5";"5";"21"
"HRV17_PS_1218";"14";"43.5";"9";"21"
"HRV17_PS_1218";"15";"43.5";"9";"21"
"HRV17_PS_1218";"16";"43.5";"9";"21"
"HRV17_PS_1218";"17";"43.5";"9";"21"
"HRV17_PS_1218";"18";"43.5";"9";"21"
"HRV17_PS_1218";"19";"43.5";"9";"21"
"HRV17_PS_1218";"20";"43.5";"9";"21"
"HRV17_PS_1218";"21";"43.5";"9";"21"
"HRV17_PS_1218";"22";"43.5";"9";"21"
"HRV17_PS_1218";"23";"43.5";"9";"21"
"HRV17_PS_1218";"24";"43.5";"5";"21"
"HRV17_PS_1218";"25";"43.5";"5";"21"
"HRV17_PS_1218";"26";"43.5";"9";"21"
"HRV17_PS_1218";"27";"43.5";"9";"21"
"HRV17_PS_1218";"28";"43.5";"9";"21"
"HRV17_PS_1218";"29";"43.5";"9";"21"
"HRV17_PS_1218";"30";"43.5";"9";"21"
"HRV17_PS_1218";"31";"43.5";"9";"21"
"HRV17_PS_1218";"32";"43.5";"9";"21"
"HRV17_PS_1218";"33";"43.5";"9";"21"
"HRV17_PS_1218";"34";"43.5";"9";"21"
"HRV17_PS_1218";"35";"43.5";"9";"21"
"HRV17_PS_1218";"36";"43.5";"5";"21"
"HRV17_PS_1218";"37";"43.5";"5";"21"
"HRV17_PS_1218";"38";"43.5";"9";"21"
"HRV17_PS_1218";"39";"43.5";"9";"21"
"HRV17_PS_1218";"40";"43.5";"9";"21"
"HRV17_PS_1218";"41";"43.5";"9";"21"
"HRV17_PS_1218";"42";"43.5";"9";"21"
"HRV17_PS_1218";"43";"43.5";"9";"21"
"HRV17_PS_1218";"44";"43.5";"9";"21"
"HRV17_PS_1218";"45";"43.5";"9";"21"
"HRV17_PS_1218";"46";"43.5";"9";"21"
"HRV17_PS_1218";"47";"43.5";"9";"21"
"HRV17_PS_1218";"48";"43.5";"5";"21"
"HRV17_PS_1218";"49";"42";"5";"21"
"HRV17_PS_1218";"50";"42";"11";"21"
"HRV17_PS_1218";"51";"42";"11";"21"
"HRV17_PS_1218";"52";"42";"11";"21"
"HRV17_PS_1218";"53";"42";"11";"21"
"HRV17_PS_1218";"54";"42";"11";"21"
"HRV17_PS_1218";"55";"42";"11";"21"
"HRV17_PS_1218";"56";"42";"11";"21"
"HRV17_PS_1218";"57";"42";"11";"21"
"HRV17_PS_1218";"58";"42";"11";"21"
"HRV17_PS_1218";"59";"42";"11";"21"
"HRV17_PS_1218";"60";"42";"5";"21"
"HRV17_PS_1218";"61";"45";"4";"22"
"HRV17_PS_1218";"62";"45";"8";"22"
"HRV17_PS_1218";"63";"45";"8";"22"
"HRV17_PS_1218";"64";"45";"8";"22"
"HRV17_PS_1218";"65";"45";"8";"22"
"HRV17_PS_1218";"66";"45";"8";"22"
"HRV17_PS_1218";"67";"45";"8";"22"
"HRV17_PS_1218";"68";"45";"8";"22"
"HRV17_PS_1218";"69";"45";"8";"22"
"HRV17_PS_1218";"70";"45";"8";"22"
"HRV17_PS_1218";"71";"45";"8";"22"
"HRV17_PS_1218";"72";"45";"4";"22"
"HRV17_PS_1218";"73";"41";"3";"22"
"HRV17_PS_1218";"74";"41";"7";"22"
"HRV17_PS_1218";"75";"41";"7";"22"
"HRV17_PS_1218";"76";"41";"7";"22"
"HRV17_PS_1218";"77";"41";"7";"22"
"HRV17_PS_1218";"78";"41";"7";"22"
"HRV17_PS_1218";"79";"41";"7";"22"
"HRV17_PS_1218";"80";"41";"7";"22"
"HRV17_PS_1218";"81";"41";"7";"22"
"HRV17_PS_1218";"82";"41";"7";"22"
"HRV17_PS_1218";"83";"41";"7";"22"
"HRV17_PS_1218";"84";"41";"3";"22"
"HRV17_PS_1824";"0";"55.5";"7";"78"
"HRV17_PS_1824";"1";"55.5";"7";"78"
"HRV17_PS_1824";"2";"55.5";"14";"78"
"HRV17_PS_1824";"3";"55.5";"14";"78"
"HRV17_PS_1824";"4";"55.5";"14";"78"
"HRV17_PS_1824";"5";"55.5";"14";"78"
"HRV17_PS_1824";"6";"55.5";"14";"78"
"HRV17_PS_1824";"7";"55.5";"14";"78"
"HRV17_PS_1824";"8";"55.5";"14";"78"
"HRV17_PS_1824";"9";"55.5";"14";"78"
"HRV17_PS_1824";"10";"55.5";"14";"78"
"HRV17_PS_1824";"11";"55.5";"14";"78"
"HRV17_PS_1824";"12";"55.5";"7";"78"
"HRV17_PS_1824";"13";"55.5";"7";"78"
"HRV17_PS_1824";"14";"55.5";"14";"78"
"HRV17_PS_1824";"15";"55.5";"14";"78"
"HRV17_PS_1824";"16";"55.5";"14";"78"
"HRV17_PS_1824";"17";"55.5";"14";"78"
"HRV17_PS_1824";"18";"55.5";"14";"78"
"HRV17_PS_1824";"19";"55.5";"14";"78"
"HRV17_PS_1824";"20";"55.5";"14";"78"
"HRV17_PS_1824";"21";"55.5";"14";"78"
"HRV17_PS_1824";"22";"55.5";"14";"78"
"HRV17_PS_1824";"23";"55.5";"14";"78"
"HRV17_PS_1824";"24";"55.5";"7";"78"
"HRV17_PS_1824";"25";"55.5";"7";"78"
"HRV17_PS_1824";"26";"55.5";"14";"78"
"HRV17_PS_1824";"27";"55.5";"14";"78"
"HRV17_PS_1824";"28";"55.5";"14";"78"
"HRV17_PS_1824";"29";"55.5";"14";"78"
"HRV17_PS_1824";"30";"55.5";"14";"78"
"HRV17_PS_1824";"31";"55.5";"14";"78"
"HRV17_PS_1824";"32";"55.5";"14";"78"
"HRV17_PS_1824";"33";"55.5";"14";"78"
"HRV17_PS_1824";"34";"55.5";"14";"78"
"HRV17_PS_1824";"35";"55.5";"14";"78"
"HRV17_PS_1824";"36";"55.5";"7";"78"
"HRV17_PS_1824";"37";"55.5";"7";"78"
"HRV17_PS_1824";"38";"55.5";"14";"78"
"HRV17_PS_1824";"39";"55.5";"14";"78"
"HRV17_PS_1824";"40";"55.5";"14";"78"
"HRV17_PS_1824";"41";"55.5";"14";"78"
"HRV17_PS_1824";"42";"55.5";"14";"78"
"HRV17_PS_1824";"43";"55.5";"14";"78"
"HRV17_PS_1824";"44";"55.5";"14";"78"
"HRV17_PS_1824";"45";"55.5";"14";"78"
"HRV17_PS_1824";"46";"55.5";"14";"78"
"HRV17_PS_1824";"47";"55.5";"14";"78"
"HRV17_PS_1824";"48";"55.5";"7";"78"
"HRV17_PS_1824";"49";"57";"8";"77"
"HRV17_PS_1824";"50";"57";"16";"77"
"HRV17_PS_1824";"51";"57";"16";"77"
"HRV17_PS_1824";"52";"57";"16";"77"
"HRV17_PS_1824";"53";"57";"16";"77"
"HRV17_PS_1824";"54";"57";"16";"77"
"HRV17_PS_1824";"55";"57";"16";"77"
"HRV17_PS_1824";"56";"57";"16";"77"
"HRV17_PS_1824";"57";"57";"16";"77"
"HRV17_PS_1824";"58";"57";"16";"77"
"HRV17_PS_1824";"59";"57";"16";"77"
"HRV17_PS_1824";"60";"57";"8";"77"
"HRV17_PS_1824";"61";"54";"7";"79"
"HRV17_PS_1824";"62";"54";"13";"79"
"HRV17_PS_1824";"63";"54";"13";"79"
"HRV17_PS_1824";"64";"54";"13";"79"
"HRV17_PS_1824";"65";"54";"13";"79"
"HRV17_PS_1824";"66";"54";"13";"79"
"HRV17_PS_1824";"67";"54";"13";"79"
"HRV17_PS_1824";"68";"54";"13";"79"
"HRV17_PS_1824";"69";"54";"13";"79"
"HRV17_PS_1824";"70";"54";"13";"79"
"HRV17_PS_1824";"71";"54";"13";"79"
"HRV17_PS_1824";"72";"54";"7";"79"
"HRV17_PS_1824";"73";"53";"6";"79"
"HRV17_PS_1824";"74";"53";"12";"79"
"HRV17_PS_1824";"75";"53";"12";"79"
"HRV17_PS_1824";"76";"53";"12";"79"
"HRV17_PS_1824";"77";"53";"12";"79"
"HRV17_PS_1824";"78";"53";"12";"79"
"HRV17_PS_1824";"79";"53";"12";"79"
"HRV17_PS_1824";"80";"53";"12";"79"
"HRV17_PS_1824";"81";"53";"12";"79"
"HRV17_PS_1824";"82";"53";"12";"79"
"HRV17_PS_1824";"83";"53";"12";"79"
"HRV17_PS_1824";"84";"53";"6";"79"
"HRV17_PS_2440";"0";"67";"10";"145"
"HRV17_PS_2440";"1";"67";"10";"145"
"HRV17_PS_2440";"2";"67";"20";"145"
"HRV17_PS_2440";"3";"67";"20";"145"
"HRV17_PS_2440";"4";"67";"20";"145"
"HRV17_PS_2440";"5";"67";"20";"145"
"HRV17_PS_2440";"6";"67";"20";"145"
"HRV17_PS_2440";"7";"67";"20";"145"
"HRV17_PS_2440";"8";"67";"20";"145"
"HRV17_PS_2440";"9";"67";"20";"145"
"HRV17_PS_2440";"10";"67";"20";"145"
"HRV17_PS_2440";"11";"67";"20";"145"
"HRV17_PS_2440";"12";"67";"10";"145"
"HRV17_PS_2440";"13";"67";"10";"145"
"HRV17_PS_2440";"14";"67";"20";"145"
"HRV17_PS_2440";"15";"67";"20";"145"
"HRV17_PS_2440";"16";"67";"20";"145"
"HRV17_PS_2440";"17";"67";"20";"145"
"HRV17_PS_2440";"18";"67";"20";"145"
"HRV17_PS_2440";"19";"67";"20";"145"
"HRV17_PS_2440";"20";"67";"20";"145"
"HRV17_PS_2440";"21";"67";"20";"145"
"HRV17_PS_2440";"22";"67";"20";"145"
"HRV17_PS_2440";"23";"67";"20";"145"
"HRV17_PS_2440";"24";"67";"10";"145"
"HRV17_PS_2440";"25";"67";"10";"145"
"HRV17_PS_2440";"26";"67";"20";"145"
"HRV17_PS_2440";"27";"67";"20";"145"
"HRV17_PS_2440";"28";"67";"20";"145"
"HRV17_PS_2440";"29";"67";"20";"145"
"HRV17_PS_2440";"30";"67";"20";"145"
"HRV17_PS_2440";"31";"67";"20";"145"
"HRV17_PS_2440";"32";"67";"20";"145"
"HRV17_PS_2440";"33";"67";"20";"145"
"HRV17_PS_2440";"34";"67";"20";"145"
"HRV17_PS_2440";"35";"67";"20";"145"
"HRV17_PS_2440";"36";"67";"10";"145"
"HRV17_PS_2440";"37";"67";"10";"145"
"HRV17_PS_2440";"38";"67";"20";"145"
"HRV17_PS_2440";"39";"67";"20";"145"
"HRV17_PS_2440";"40";"67";"20";"145"
"HRV17_PS_2440";"41";"67";"20";"145"
"HRV17_PS_2440";"42";"67";"20";"145"
"HRV17_PS_2440";"43";"67";"20";"145"
"HRV17_PS_2440";"44";"67";"20";"145"
"HRV17_PS_2440";"45";"67";"20";"145"
"HRV17_PS_2440";"46";"67";"20";"145"
"HRV17_PS_2440";"47";"67";"20";"145"
"HRV17_PS_2440";"48";"67";"10";"145"
"HRV17_PS_2440";"49";"67";"11";"139"
"HRV17_PS_2440";"50";"67";"22";"139"
"HRV17_PS_2440";"51";"67";"22";"139"
"HRV17_PS_2440";"52";"67";"22";"139"
"HRV17_PS_2440";"53";"67";"22";"139"
"HRV17_PS_2440";"54";"67";"22";"139"
"HRV17_PS_2440";"55";"67";"22";"139"
"HRV17_PS_2440";"56";"67";"22";"139"
"HRV17_PS_2440";"57";"67";"22";"139"
"HRV17_PS_2440";"58";"67";"22";"139"
"HRV17_PS_2440";"59";"67";"22";"139"
"HRV17_PS_2440";"60";"67";"11";"139"
"HRV17_PS_2440";"61";"67";"10";"151"
"HRV17_PS_2440";"62";"67";"19";"151"
"HRV17_PS_2440";"63";"67";"19";"151"
"HRV17_PS_2440";"64";"67";"19";"151"
"HRV17_PS_2440";"65";"67";"19";"151"
"HRV17_PS_2440";"66";"67";"19";"151"
"HRV17_PS_2440";"67";"67";"19";"151"
"HRV17_PS_2440";"68";"67";"19";"151"
"HRV17_PS_2440";"69";"67";"19";"151"
"HRV17_PS_2440";"70";"67";"19";"151"
"HRV17_PS_2440";"71";"67";"19";"151"
"HRV17_PS_2440";"72";"67";"10";"151"
"HRV17_PS_2440";"73";"69";"7";"151"
"HRV17_PS_2440";"74";"69";"15";"151"
"HRV17_PS_2440";"75";"69";"15";"151"
"HRV17_PS_2440";"76";"69";"15";"151"
"HRV17_PS_2440";"77";"69";"15";"151"
"HRV17_PS_2440";"78";"69";"15";"151"
"HRV17_PS_2440";"79";"69";"15";"151"
"HRV17_PS_2440";"80";"69";"15";"151"
"HRV17_PS_2440";"81";"69";"15";"151"
"HRV17_PS_2440";"82";"69";"15";"151"
"HRV17_PS_2440";"83";"69";"15";"151"
"HRV17_PS_2440";"84";"69";"7";"151"
"SVN17_PS_1218";"0";"4";"8";"10"
"SVN17_PS_1218";"1";"4";"8";"10"
"SVN17_PS_1218";"2";"4";"8";"10"
"SVN17_PS_1218";"3";"4";"8";"10"
"SVN17_PS_1218";"4";"4";"8";"10"
"SVN17_PS_1218";"5";"4";"8";"10"
"SVN17_PS_1218";"6";"4";"8";"10"
"SVN17_PS_1218";"7";"4";"8";"10"
"SVN17_PS_1218";"8";"4";"8";"10"
"SVN17_PS_1218";"9";"4";"8";"10"
"SVN17_PS_1218";"10";"4";"8";"10"
"SVN17_PS_1218";"11";"4";"8";"10"
"SVN17_PS_1218";"12";"4";"8";"10"
"SVN17_PS_1218";"13";"5";"9";"10"
"SVN17_PS_1218";"14";"5";"9";"10"
"SVN17_PS_1218";"15";"5";"9";"10"
"SVN17_PS_1218";"16";"5";"9";"10"
"SVN17_PS_1218";"17";"5";"9";"10"
"SVN17_PS_1218";"18";"5";"9";"10"
"SVN17_PS_1218";"19";"5";"9";"10"
"SVN17_PS_1218";"20";"5";"9";"10"
"SVN17_PS_1218";"21";"5";"9";"10"
"SVN17_PS_1218";"22";"5";"9";"10"
"SVN17_PS_1218";"23";"5";"9";"10"
"SVN17_PS_1218";"24";"5";"9";"10"
"SVN17_PS_1218";"25";"4";"10";"12"
"SVN17_PS_1218";"26";"4";"10";"12"
"SVN17_PS_1218";"27";"4";"10";"12"
"SVN17_PS_1218";"28";"4";"10";"12"
"SVN17_PS_1218";"29";"4";"10";"12"
"SVN17_PS_1218";"30";"4";"10";"12"
"SVN17_PS_1218";"31";"4";"10";"12"
"SVN17_PS_1218";"32";"4";"10";"12"
"SVN17_PS_1218";"33";"4";"10";"12"
"SVN17_PS_1218";"34";"4";"10";"12"
"SVN17_PS_1218";"35";"4";"10";"12"
"SVN17_PS_1218";"36";"4";"10";"12"
"SVN17_PS_1218";"37";"4";"9";"12"
"SVN17_PS_1218";"38";"4";"9";"12"
"SVN17_PS_1218";"39";"4";"9";"12"
"SVN17_PS_1218";"40";"4";"9";"12"
"SVN17_PS_1218";"41";"4";"9";"12"
"SVN17_PS_1218";"42";"4";"9";"12"
"SVN17_PS_1218";"43";"4";"9";"12"
"SVN17_PS_1218";"44";"4";"9";"12"
"SVN17_PS_1218";"45";"4";"9";"12"
"SVN17_PS_1218";"46";"4";"9";"12"
"SVN17_PS_1218";"47";"4";"9";"12"
"SVN17_PS_1218";"48";"4";"9";"12"
"SVN17_PS_1218";"49";"4";"6";"12"
"SVN17_PS_1218";"50";"4";"6";"12"
"SVN17_PS_1218";"51";"4";"6";"12"
"SVN17_PS_1218";"52";"4";"6";"12"
"SVN17_PS_1218";"53";"4";"6";"12"
"SVN17_PS_1218";"54";"4";"6";"12"
"SVN17_PS_1218";"55";"4";"6";"12"
"SVN17_PS_1218";"56";"4";"6";"12"
"SVN17_PS_1218";"57";"4";"6";"12"
"SVN17_PS_1218";"58";"4";"6";"12"
"SVN17_PS_1218";"59";"4";"6";"12"
"SVN17_PS_1218";"60";"4";"6";"12"
"SVN17_PS_1218";"61";"4";"7";"10"
"SVN17_PS_1218";"62";"4";"7";"10"
"SVN17_PS_1218";"63";"4";"7";"10"
"SVN17_PS_1218";"64";"4";"7";"10"
"SVN17_PS_1218";"65";"4";"7";"10"
"SVN17_PS_1218";"66";"4";"7";"10"
"SVN17_PS_1218";"67";"4";"7";"10"
"SVN17_PS_1218";"68";"4";"7";"10"
"SVN17_PS_1218";"69";"4";"7";"10"
"SVN17_PS_1218";"70";"4";"7";"10"
"SVN17_PS_1218";"71";"4";"7";"10"
"SVN17_PS_1218";"72";"4";"7";"10"
"SVN17_PS_1218";"73";"4";"7";"10"
"SVN17_PS_1218";"74";"4";"7";"10"
"SVN17_PS_1218";"75";"4";"7";"10"
"SVN17_PS_1218";"76";"4";"7";"10"
"SVN17_PS_1218";"77";"4";"7";"10"
"SVN17_PS_1218";"78";"4";"7";"10"
"SVN17_PS_1218";"79";"4";"7";"10"
"SVN17_PS_1218";"80";"4";"7";"10"
"SVN17_PS_1218";"81";"4";"7";"10"
"SVN17_PS_1218";"82";"4";"7";"10"
"SVN17_PS_1218";"83";"4";"7";"10"
"SVN17_PS_1218";"84";"4";"7";"10"
"ITA18_TM_VL_2440";"0";"34";"10.4";"83.5"
"ITA18_TM_VL_2440";"1";"34";"10.4";"83.5"
"ITA18_TM_VL_2440";"2";"34";"12.6";"83.5"
"ITA18_TM_VL_2440";"3";"34";"13";"83.5"
"ITA18_TM_VL_2440";"4";"34";"15";"83.5"
"ITA18_TM_VL_2440";"5";"34";"14";"83.5"
"ITA18_TM_VL_2440";"6";"34";"8";"83.5"
"ITA18_TM_VL_2440";"7";"34";"13.6";"83.5"
"ITA18_TM_VL_2440";"8";"34";"0";"83.5"
"ITA18_TM_VL_2440";"9";"34";"12.4";"83.5"
"ITA18_TM_VL_2440";"10";"34";"17";"83.5"
"ITA18_TM_VL_2440";"11";"34";"16";"83.5"
"ITA18_TM_VL_2440";"12";"34";"10.2";"83.5"
"ITA18_TM_VL_2440";"13";"34";"11.4";"83.5"
"ITA18_TM_VL_2440";"14";"34";"11.2";"83.5"
"ITA18_TM_VL_2440";"15";"34";"13.2";"83.5"
"ITA18_TM_VL_2440";"16";"34";"11";"83.5"
"ITA18_TM_VL_2440";"17";"34";"11.8";"83.5"
"ITA18_TM_VL_2440";"18";"34";"15";"83.5"
"ITA18_TM_VL_2440";"19";"34";"13.2";"83.5"
"ITA18_TM_VL_2440";"20";"34";"1";"83.5"
"ITA18_TM_VL_2440";"21";"34";"13.8";"83.5"
"ITA18_TM_VL_2440";"22";"34";"14.8";"83.5"
"ITA18_TM_VL_2440";"23";"34";"11.2";"83.5"
"ITA18_TM_VL_2440";"24";"34";"9";"83.5"
"ITA18_TM_VL_2440";"25";"34";"9.4";"83.5"
"ITA18_TM_VL_2440";"26";"34";"11.6";"83.5"
"ITA18_TM_VL_2440";"27";"34";"12.6";"83.5"
"ITA18_TM_VL_2440";"28";"34";"10.6";"83.5"
"ITA18_TM_VL_2440";"29";"34";"6.2";"83.5"
"ITA18_TM_VL_2440";"30";"34";"15";"83.5"
"ITA18_TM_VL_2440";"31";"34";"9.6";"83.5"
"ITA18_TM_VL_2440";"32";"34";"0";"83.5"
"ITA18_TM_VL_2440";"33";"34";"15.4";"83.5"
"ITA18_TM_VL_2440";"34";"34";"15.8";"83.5"
"ITA18_TM_VL_2440";"35";"34";"18.4";"83.5"
"ITA18_TM_VL_2440";"36";"34";"20.2";"83.5"
"ITA18_TM_VL_2440";"37";"31.2";"13.7";"81.9"
"ITA18_TM_VL_2440";"38";"31.2";"14.9";"81.9"
"ITA18_TM_VL_2440";"39";"31.2";"15.7";"81.9"
"ITA18_TM_VL_2440";"40";"31.2";"15.9";"81.9"
"ITA18_TM_VL_2440";"41";"31.2";"21.8";"81.9"
"ITA18_TM_VL_2440";"42";"31.2";"20.5";"81.9"
"ITA18_TM_VL_2440";"43";"31.2";"10.9";"81.9"
"ITA18_TM_VL_2440";"44";"31.2";"0";"81.9"
"ITA18_TM_VL_2440";"45";"31.2";"0";"81.9"
"ITA18_TM_VL_2440";"46";"31.2";"12.3";"81.9"
"ITA18_TM_VL_2440";"47";"31.2";"14";"81.9"
"ITA18_TM_VL_2440";"48";"31.2";"12.3";"81.9"
"ITA18_TM_VL_2440";"49";"27.3";"8.7";"82.4"
"ITA18_TM_VL_2440";"50";"27.3";"5.7";"82.4"
"ITA18_TM_VL_2440";"51";"27.3";"13.1";"82.4"
"ITA18_TM_VL_2440";"52";"27.3";"14.9";"82.4"
"ITA18_TM_VL_2440";"53";"27.3";"15.1";"82.4"
"ITA18_TM_VL_2440";"54";"27.3";"18.8";"82.4"
"ITA18_TM_VL_2440";"55";"27.3";"13.4";"82.4"
"ITA18_TM_VL_2440";"56";"27.3";"1.5";"82.4"
"ITA18_TM_VL_2440";"57";"27.3";"3.7";"82.4"
"ITA18_TM_VL_2440";"58";"27.3";"11.6";"82.4"
"ITA18_TM_VL_2440";"59";"27.3";"13.6";"82.4"
"ITA18_TM_VL_2440";"60";"27.3";"12.6";"82.4"
"ITA18_TM_VL_2440";"61";"27";"12";"83"
"ITA18_TM_VL_2440";"62";"27";"11";"83"
"ITA18_TM_VL_2440";"63";"27";"12.7";"83"
"ITA18_TM_VL_2440";"64";"27";"14";"83"
"ITA18_TM_VL_2440";"65";"27";"10.7";"83"
"ITA18_TM_VL_2440";"66";"27";"12.5";"83"
"ITA18_TM_VL_2440";"67";"27";"8";"83"
"ITA18_TM_VL_2440";"68";"27";"0";"83"
"ITA18_TM_VL_2440";"69";"27";"6.7";"83"
"ITA18_TM_VL_2440";"70";"27";"11.7";"83"
"ITA18_TM_VL_2440";"71";"27";"8";"83"
"ITA18_TM_VL_2440";"72";"27";"5";"83"
"ITA18_TM_VL_2440";"73";"27";"9.599999999";"82.48"
"ITA18_TM_VL_2440";"74";"27";"9.799999999";"82.48"
"ITA18_TM_VL_2440";"75";"27";"9.799999999";"82.48"
"ITA18_TM_VL_2440";"76";"27";"15";"82.48"
"ITA18_TM_VL_2440";"77";"27";"15.6";"82.48"
"ITA18_TM_VL_2440";"78";"27";"12.2";"82.48"
"ITA18_TM_VL_2440";"79";"27";"16";"82.48"
"ITA18_TM_VL_2440";"80";"27";"0.8";"82.48"
"ITA18_TM_VL_2440";"81";"27";"2";"82.48"
"ITA18_TM_VL_2440";"82";"27";"12.8";"82.48"
"ITA18_TM_VL_2440";"83";"27";"10.4";"82.48"
"ITA18_TM_VL_2440";"84";"27";"10.4";"82.48"
"ITA18_PS_VL_2440";"0";"5.3";"3.7";"102"
"ITA18_PS_VL_2440";"1";"5.3";"3.7";"102"
"ITA18_PS_VL_2440";"2";"5.3";"6";"102"
"ITA18_PS_VL_2440";"3";"5.3";"5.3";"102"
"ITA18_PS_VL_2440";"4";"5.3";"10";"102"
"ITA18_PS_VL_2440";"5";"5.3";"14.3";"102"
"ITA18_PS_VL_2440";"6";"5.3";"7.7";"102"
"ITA18_PS_VL_2440";"7";"5.3";"16";"102"
"ITA18_PS_VL_2440";"8";"5.3";"23.3";"102"
"ITA18_PS_VL_2440";"9";"5.3";"12.3";"102"
"ITA18_PS_VL_2440";"10";"5.3";"20";"102"
"ITA18_PS_VL_2440";"11";"5.3";"8";"102"
"ITA18_PS_VL_2440";"12";"5.3";"2.7";"102"
"ITA18_PS_VL_2440";"13";"5.3";"0.7";"102"
"ITA18_PS_VL_2440";"14";"5.3";"2.7";"102"
"ITA18_PS_VL_2440";"15";"5.3";"10";"102"
"ITA18_PS_VL_2440";"16";"5.3";"4.7";"102"
"ITA18_PS_VL_2440";"17";"5.3";"15.3";"102"
"ITA18_PS_VL_2440";"18";"5.3";"14";"102"
"ITA18_PS_VL_2440";"19";"5.3";"24.7";"102"
"ITA18_PS_VL_2440";"20";"5.3";"20.3";"102"
"ITA18_PS_VL_2440";"21";"5.3";"16.3";"102"
"ITA18_PS_VL_2440";"22";"5.3";"9.3";"102"
"ITA18_PS_VL_2440";"23";"5.3";"2.3";"102"
"ITA18_PS_VL_2440";"24";"5.3";"3";"102"
"ITA18_PS_VL_2440";"25";"5.3";"3.1";"102"
"ITA18_PS_VL_2440";"26";"5.3";"3.1";"102"
"ITA18_PS_VL_2440";"27";"5.3";"0.9";"102"
"ITA18_PS_VL_2440";"28";"5.3";"10.2";"102"
"ITA18_PS_VL_2440";"29";"5.3";"10.7";"102"
"ITA18_PS_VL_2440";"30";"5.3";"18.7";"102"
"ITA18_PS_VL_2440";"31";"5.3";"21.8";"102"
"ITA18_PS_VL_2440";"32";"5.3";"19.1";"102"
"ITA18_PS_VL_2440";"33";"5.3";"13.3";"102"
"ITA18_PS_VL_2440";"34";"5.3";"4.9";"102"
"ITA18_PS_VL_2440";"35";"5.3";"1.3";"102"
"ITA18_PS_VL_2440";"36";"5.3";"1.8";"102"
"ITA18_PS_VL_2440";"37";"4.2";"14.5";"109.3"
"ITA18_PS_VL_2440";"38";"4.2";"13.9";"109.3"
"ITA18_PS_VL_2440";"39";"4.2";"4.5";"109.3"
"ITA18_PS_VL_2440";"40";"4.2";"19";"109.3"
"ITA18_PS_VL_2440";"41";"4.2";"17.8";"109.3"
"ITA18_PS_VL_2440";"42";"4.2";"22.9";"109.3"
"ITA18_PS_VL_2440";"43";"4.2";"14.2";"109.3"
"ITA18_PS_VL_2440";"44";"4.2";"13.3";"109.3"
"ITA18_PS_VL_2440";"45";"4.2";"10.3";"109.3"
"ITA18_PS_VL_2440";"46";"4.2";"4.6";"109.3"
"ITA18_PS_VL_2440";"47";"4.2";"1";"109.3"
"ITA18_PS_VL_2440";"48";"4.2";"2.3";"109.3"
"ITA18_PS_VL_2440";"49";"4.5";"8.4";"116.7"
"ITA18_PS_VL_2440";"50";"4.5";"0.9";"116.7"
"ITA18_PS_VL_2440";"51";"4.5";"0.9";"116.7"
"ITA18_PS_VL_2440";"52";"4.5";"10.7";"116.7"
"ITA18_PS_VL_2440";"53";"4.5";"16.9";"116.7"
"ITA18_PS_VL_2440";"54";"4.5";"17.3";"116.7"
"ITA18_PS_VL_2440";"55";"4.5";"19.1";"116.7"
"ITA18_PS_VL_2440";"56";"4.5";"17.3";"116.7"
"ITA18_PS_VL_2440";"57";"4.5";"13.3";"116.7"
"ITA18_PS_VL_2440";"58";"4.5";"5.3";"116.7"
"ITA18_PS_VL_2440";"59";"4.5";"1.3";"116.7"
"ITA18_PS_VL_2440";"60";"4.5";"3.1";"116.7"
"ITA18_PS_VL_2440";"61";"4.5";"7.1";"116.7"
"ITA18_PS_VL_2440";"62";"4.5";"0";"116.7"
"ITA18_PS_VL_2440";"63";"4.5";"0";"116.7"
"ITA18_PS_VL_2440";"64";"4.5";"10.7";"116.7"
"ITA18_PS_VL_2440";"65";"4.5";"12.4";"116.7"
"ITA18_PS_VL_2440";"66";"4.5";"26.7";"116.7"
"ITA18_PS_VL_2440";"67";"4.5";"18.2";"116.7"
"ITA18_PS_VL_2440";"68";"4.5";"12.9";"116.7"
"ITA18_PS_VL_2440";"69";"4.5";"10.7";"116.7"
"ITA18_PS_VL_2440";"70";"4.5";"17.3";"116.7"
"ITA18_PS_VL_2440";"71";"4.5";"8.4";"116.7"
"ITA18_PS_VL_2440";"72";"4.5";"7.1";"116.7"
"ITA18_PS_VL_2440";"73";"4.5";"13.33333333";"113.4"
"ITA18_PS_VL_2440";"74";"4.5";"17.33333333";"113.4"
"ITA18_PS_VL_2440";"75";"4.5";"13.66666667";"113.4"
"ITA18_PS_VL_2440";"76";"4.5";"19";"113.4"
"ITA18_PS_VL_2440";"77";"4.5";"21";"113.4"
"ITA18_PS_VL_2440";"78";"4.5";"16";"113.4"
"ITA18_PS_VL_2440";"79";"4.5";"18.33333333";"113.4"
"ITA18_PS_VL_2440";"80";"4.5";"1.666666667";"113.4"
"ITA18_PS_VL_2440";"81";"4.5";"1.666666667";"113.4"
"ITA18_PS_VL_2440";"82";"4.5";"12.33333333";"113.4"
"ITA18_PS_VL_2440";"83";"4.5";"12";"113.4"
"ITA18_PS_VL_2440";"84";"4.5";"10.66666667";"113.4"
"MNE18_PS_VL0012";"0";"12";"6.927083333";"2.917"
"MNE18_PS_VL0012";"1";"12";"6.927083333";"2.917"
"MNE18_PS_VL0012";"2";"12";"6.927083333";"2.917"
"MNE18_PS_VL0012";"3";"12";"6.927083333";"2.917"
"MNE18_PS_VL0012";"4";"12";"6.927083333";"2.917"
"MNE18_PS_VL0012";"5";"12";"6.927083333";"2.917"
"MNE18_PS_VL0012";"6";"12";"6.927083333";"2.917"
"MNE18_PS_VL0012";"7";"12";"6.927083333";"2.917"
"MNE18_PS_VL0012";"8";"12";"6.927083333";"2.917"
"MNE18_PS_VL0012";"9";"12";"6.927083333";"2.917"
"MNE18_PS_VL0012";"10";"12";"6.927083333";"2.917"
"MNE18_PS_VL0012";"11";"12";"6.927083333";"2.917"
"MNE18_PS_VL0012";"12";"12";"6.927083333";"2.917"
"MNE18_PS_VL0012";"13";"12";"6.927083333";"2.917"
"MNE18_PS_VL0012";"14";"12";"6.927083333";"2.917"
"MNE18_PS_VL0012";"15";"12";"6.927083333";"2.917"
"MNE18_PS_VL0012";"16";"12";"6.927083333";"2.917"
"MNE18_PS_VL0012";"17";"12";"6.927083333";"2.917"
"MNE18_PS_VL0012";"18";"12";"6.927083333";"2.917"
"MNE18_PS_VL0012";"19";"12";"6.927083333";"2.917"
"MNE18_PS_VL0012";"20";"12";"6.927083333";"2.917"
"MNE18_PS_VL0012";"21";"12";"6.927083333";"2.917"
"MNE18_PS_VL0012";"22";"12";"6.927083333";"2.917"
"MNE18_PS_VL0012";"23";"12";"6.927083333";"2.917"
"MNE18_PS_VL0012";"24";"12";"6.927083333";"2.917"
"MNE18_PS_VL0012";"25";"12";"6.927083333";"2.917"
"MNE18_PS_VL0012";"26";"12";"6.927083333";"2.917"
"MNE18_PS_VL0012";"27";"12";"6.927083333";"2.917"
"MNE18_PS_VL0012";"28";"12";"6.927083333";"2.917"
"MNE18_PS_VL0012";"29";"12";"6.927083333";"2.917"
"MNE18_PS_VL0012";"30";"12";"6.927083333";"2.917"
"MNE18_PS_VL0012";"31";"12";"6.927083333";"2.917"
"MNE18_PS_VL0012";"32";"12";"6.927083333";"2.917"
"MNE18_PS_VL0012";"33";"12";"6.927083333";"2.917"
"MNE18_PS_VL0012";"34";"12";"6.927083333";"2.917"
"MNE18_PS_VL0012";"35";"12";"6.927083333";"2.917"
"MNE18_PS_VL0012";"36";"12";"6.927083333";"2.917"
"MNE18_PS_VL0012";"37";"12";"6.708333333";"2.917"
"MNE18_PS_VL0012";"38";"12";"6.708333333";"2.917"
"MNE18_PS_VL0012";"39";"12";"6.708333333";"2.917"
"MNE18_PS_VL0012";"40";"12";"6.708333333";"2.917"
"MNE18_PS_VL0012";"41";"12";"6.708333333";"2.917"
"MNE18_PS_VL0012";"42";"12";"6.708333333";"2.917"
"MNE18_PS_VL0012";"43";"12";"6.708333333";"2.917"
"MNE18_PS_VL0012";"44";"12";"6.708333333";"2.917"
"MNE18_PS_VL0012";"45";"12";"6.708333333";"2.917"
"MNE18_PS_VL0012";"46";"12";"6.708333333";"2.917"
"MNE18_PS_VL0012";"47";"12";"6.708333333";"2.917"
"MNE18_PS_VL0012";"48";"12";"6.708333333";"2.917"
"MNE18_PS_VL0012";"49";"12";"7.145833333";"2.917"
"MNE18_PS_VL0012";"50";"12";"7.145833333";"2.917"
"MNE18_PS_VL0012";"51";"12";"7.145833333";"2.917"
"MNE18_PS_VL0012";"52";"12";"7.145833333";"2.917"
"MNE18_PS_VL0012";"53";"12";"7.145833333";"2.917"
"MNE18_PS_VL0012";"54";"12";"7.145833333";"2.917"
"MNE18_PS_VL0012";"55";"12";"7.145833333";"2.917"
"MNE18_PS_VL0012";"56";"12";"7.145833333";"2.917"
"MNE18_PS_VL0012";"57";"12";"7.145833333";"2.917"
"MNE18_PS_VL0012";"58";"12";"7.145833333";"2.917"
"MNE18_PS_VL0012";"59";"12";"7.145833333";"2.917"
"MNE18_PS_VL0012";"60";"12";"7.145833333";"2.917"
"MNE18_PS_VL0012";"61";"13";"7.647435897";"2.846"
"MNE18_PS_VL0012";"62";"13";"7.647435897";"2.846"
"MNE18_PS_VL0012";"63";"13";"7.647435897";"2.846"
"MNE18_PS_VL0012";"64";"13";"7.647435897";"2.846"
"MNE18_PS_VL0012";"65";"13";"7.647435897";"2.846"
"MNE18_PS_VL0012";"66";"13";"7.647435897";"2.846"
"MNE18_PS_VL0012";"67";"13";"7.647435897";"2.846"
"MNE18_PS_VL0012";"68";"13";"7.647435897";"2.846"
"MNE18_PS_VL0012";"69";"13";"7.647435897";"2.846"
"MNE18_PS_VL0012";"70";"13";"7.647435897";"2.846"
"MNE18_PS_VL0012";"71";"13";"7.647435897";"2.846"
"MNE18_PS_VL0012";"72";"13";"7.647435897";"2.846"
"MNE18_PS_VL0012";"73";"13";"7.647435897";"2.846"
"MNE18_PS_VL0012";"74";"13";"7.647435897";"2.846"
"MNE18_PS_VL0012";"75";"13";"7.647435897";"2.846"
"MNE18_PS_VL0012";"76";"13";"7.647435897";"2.846"
"MNE18_PS_VL0012";"77";"13";"7.647435897";"2.846"
"MNE18_PS_VL0012";"78";"13";"7.647435897";"2.846"
"MNE18_PS_VL0012";"79";"13";"7.647435897";"2.846"
"MNE18_PS_VL0012";"80";"13";"7.647435897";"2.846"
"MNE18_PS_VL0012";"81";"13";"7.647435897";"2.846"
"MNE18_PS_VL0012";"82";"13";"7.647435897";"2.846"
"MNE18_PS_VL0012";"83";"13";"7.647435897";"2.846"
"MNE18_PS_VL0012";"84";"13";"7.647435897";"2.846"
"ALB18_PS_VL1218";"0";"3";"3.020833333";"34.25"
"ALB18_PS_VL1218";"1";"3";"3.020833333";"34.25"
"ALB18_PS_VL1218";"2";"3";"3.020833333";"34.25"
"ALB18_PS_VL1218";"3";"3";"3.020833333";"34.25"
"ALB18_PS_VL1218";"4";"3";"3.020833333";"34.25"
"ALB18_PS_VL1218";"5";"3";"3.020833333";"34.25"
"ALB18_PS_VL1218";"6";"3";"3.020833333";"34.25"
"ALB18_PS_VL1218";"7";"3";"3.020833333";"34.25"
"ALB18_PS_VL1218";"8";"3";"3.020833333";"34.25"
"ALB18_PS_VL1218";"9";"3";"3.020833333";"34.25"
"ALB18_PS_VL1218";"10";"3";"3.020833333";"34.25"
"ALB18_PS_VL1218";"11";"3";"3.020833333";"34.25"
"ALB18_PS_VL1218";"12";"3";"3.020833333";"34.25"
"ALB18_PS_VL1218";"13";"3";"3.020833333";"34.25"
"ALB18_PS_VL1218";"14";"3";"3.020833333";"34.25"
"ALB18_PS_VL1218";"15";"3";"3.020833333";"34.25"
"ALB18_PS_VL1218";"16";"3";"3.020833333";"34.25"
"ALB18_PS_VL1218";"17";"3";"3.020833333";"34.25"
"ALB18_PS_VL1218";"18";"3";"3.020833333";"34.25"
"ALB18_PS_VL1218";"19";"3";"3.020833333";"34.25"
"ALB18_PS_VL1218";"20";"3";"3.020833333";"34.25"
"ALB18_PS_VL1218";"21";"3";"3.020833333";"34.25"
"ALB18_PS_VL1218";"22";"3";"3.020833333";"34.25"
"ALB18_PS_VL1218";"23";"3";"3.020833333";"34.25"
"ALB18_PS_VL1218";"24";"3";"3.020833333";"34.25"
"ALB18_PS_VL1218";"25";"3";"3.020833333";"34.25"
"ALB18_PS_VL1218";"26";"3";"3.020833333";"34.25"
"ALB18_PS_VL1218";"27";"3";"3.020833333";"34.25"
"ALB18_PS_VL1218";"28";"3";"3.020833333";"34.25"
"ALB18_PS_VL1218";"29";"3";"3.020833333";"34.25"
"ALB18_PS_VL1218";"30";"3";"3.020833333";"34.25"
"ALB18_PS_VL1218";"31";"3";"3.020833333";"34.25"
"ALB18_PS_VL1218";"32";"3";"3.020833333";"34.25"
"ALB18_PS_VL1218";"33";"3";"3.020833333";"34.25"
"ALB18_PS_VL1218";"34";"3";"3.020833333";"34.25"
"ALB18_PS_VL1218";"35";"3";"3.020833333";"34.25"
"ALB18_PS_VL1218";"36";"3";"3.020833333";"34.25"
"ALB18_PS_VL1218";"37";"4";"3.541666667";"42.5"
"ALB18_PS_VL1218";"38";"4";"3.541666667";"42.5"
"ALB18_PS_VL1218";"39";"4";"3.541666667";"42.5"
"ALB18_PS_VL1218";"40";"4";"3.541666667";"42.5"
"ALB18_PS_VL1218";"41";"4";"3.541666667";"42.5"
"ALB18_PS_VL1218";"42";"4";"3.541666667";"42.5"
"ALB18_PS_VL1218";"43";"4";"3.541666667";"42.5"
"ALB18_PS_VL1218";"44";"4";"3.541666667";"42.5"
"ALB18_PS_VL1218";"45";"4";"3.541666667";"42.5"
"ALB18_PS_VL1218";"46";"4";"3.541666667";"42.5"
"ALB18_PS_VL1218";"47";"4";"3.541666667";"42.5"
"ALB18_PS_VL1218";"48";"4";"3.541666667";"42.5"
"ALB18_PS_VL1218";"49";"2";"2.5";"26"
"ALB18_PS_VL1218";"50";"2";"2.5";"26"
"ALB18_PS_VL1218";"51";"2";"2.5";"26"
"ALB18_PS_VL1218";"52";"2";"2.5";"26"
"ALB18_PS_VL1218";"53";"2";"2.5";"26"
"ALB18_PS_VL1218";"54";"2";"2.5";"26"
"ALB18_PS_VL1218";"55";"2";"2.5";"26"
"ALB18_PS_VL1218";"56";"2";"2.5";"26"
"ALB18_PS_VL1218";"57";"2";"2.5";"26"
"ALB18_PS_VL1218";"58";"2";"2.5";"26"
"ALB18_PS_VL1218";"59";"2";"2.5";"26"
"ALB18_PS_VL1218";"60";"2";"2.5";"26"
"ALB18_PS_VL1218";"61";"2";"2.5";"26"
"ALB18_PS_VL1218";"62";"2";"2.5";"26"
"ALB18_PS_VL1218";"63";"2";"2.5";"26"
"ALB18_PS_VL1218";"64";"2";"2.5";"26"
"ALB18_PS_VL1218";"65";"2";"2.5";"26"
"ALB18_PS_VL1218";"66";"2";"2.5";"26"
"ALB18_PS_VL1218";"67";"2";"2.5";"26"
"ALB18_PS_VL1218";"68";"2";"2.5";"26"
"ALB18_PS_VL1218";"69";"2";"2.5";"26"
"ALB18_PS_VL1218";"70";"2";"2.5";"26"
"ALB18_PS_VL1218";"71";"2";"2.5";"26"
"ALB18_PS_VL1218";"72";"2";"2.5";"26"
"ALB18_PS_VL1218";"73";"2";"2.5";"26"
"ALB18_PS_VL1218";"74";"2";"2.5";"26"
"ALB18_PS_VL1218";"75";"2";"2.5";"26"
"ALB18_PS_VL1218";"76";"2";"2.5";"26"
"ALB18_PS_VL1218";"77";"2";"2.5";"26"
"ALB18_PS_VL1218";"78";"2";"2.5";"26"
"ALB18_PS_VL1218";"79";"2";"2.5";"26"
"ALB18_PS_VL1218";"80";"2";"2.5";"26"
"ALB18_PS_VL1218";"81";"2";"2.5";"26"
"ALB18_PS_VL1218";"82";"2";"2.5";"26"
"ALB18_PS_VL1218";"83";"2";"2.5";"26"
"ALB18_PS_VL1218";"84";"2";"2.5";"26"
